source,job_id,title,company_name,category,job_type,country,salary_raw,salary_min,salary_max,url,date_posted,pulled_at
Remotive,remotive_1919265,Senior Independent Software Developer,A.Team,Software Development,contract,"Americas, Europe, Israel",$90 - $150 /hour,,,https://remotive.com/remote-jobs/software-development/senior-independent-software-developer-1919265,2026-09-16,2026-09-18
Remotive,remotive_1919266,Senior Independent AI Engineer / Architect,A.Team,Software Development,contract,"Americas, Europe, Israel",$120 - $170 /hour,,,https://remotive.com/remote-jobs/software-development/senior-independent-ai-engineer-architect-1919266,2026-09-16,2026-09-18
Remotive,remotive_2069746,Tech Lead Full-Stack Rails Engineer,Mitre Media,Software Development,full_time,"USA, Canada, USA timezones",$170k - $200k,,,https://remotive.com/remote-jobs/software-development/tech-lead-full-stack-rails-engineer-2069746,2026-09-14,2026-09-18
Remotive,remotive_1680495,Remote Office Assistant,Coalition Technologies ,Marketing,full_time,Worldwide,"$31,2k- $52k",,,https://remotive.com/remote-jobs/marketing/remote-office-assistant-1680495,2026-09-11,2026-09-18
Remotive,remotive_2091126,AI Response Evaluator,iMerit Technology,Artificial Intelligence,freelance,"France, Japan, Turkey, Vietnam, Mexico, Norway",$10K-$20K,,,https://remotive.com/remote-jobs/artificial-intelligence/ai-response-evaluator-2091126,2026-09-11,2026-09-18
Remotive,remotive_2086540,Inside Sales Contractor,"Credit Wellness, LLC",Sales,full_time,Worldwide,OTE $25k - $35k,,,https://remotive.com/remote-jobs/sales/inside-sales-contractor-2086540,2026-09-08,2026-09-18
Remotive,remotive_2091045,Tier III Service Desk Engineer,Unio Digital,Information Technology,full_time,Worldwide,,,,https://remotive.com/remote-jobs/information-technology/tier-iii-service-desk-engineer-2091045,2026-09-07,2026-09-18
Remotive,remotive_1185979,Freelance Writer,IAPWE,Writing,freelance,Worldwide,$50-$75 /hour,,,https://remotive.com/remote-jobs/writing/freelance-writer-1185979,2026-09-04,2026-09-18
Remotive,remotive_1749306,Freelance Copywriter,Coalition Technologies ,Writing,freelance,Worldwide,$20k -$35k,,,https://remotive.com/remote-jobs/writing/freelance-copywriter-1749306,2026-09-02,2026-09-18
Remotive,remotive_2091101,Senior React Full-stack Developer,Lemon.io,Software Development,full_time,"LATAM, Europe, USA, Canada, APAC",,,,https://remotive.com/remote-jobs/software-development/senior-react-full-stack-developer-2091101,2026-08-27,2026-09-18
Remotive,remotive_2091100,Senior QA Engineer,Lemon.io,Quality Assurance,full_time,Europe,,,,https://remotive.com/remote-jobs/qa/senior-qa-engineer-2091100,2026-08-26,2026-09-18
Remotive,remotive_2091099,Senior DevOps Engineer,Lemon.io,Devops,full_time,"LATAM, Europe, USA, Canada, APAC",,,,https://remotive.com/remote-jobs/devops/senior-devops-engineer-2091099,2026-08-25,2026-09-18
Remotive,remotive_2091105,Content Reviewer - English US,TELUS Digital,All others,part_time,USA,$14/hour,,,https://remotive.com/remote-jobs/all-others/content-reviewer-english-us-2091105,2026-08-21,2026-09-18
Remotive,remotive_2091098,Senior Golang Developer,Lemon.io,Software Development,full_time,"Europe, USA, UK, Canada, Australia, Singapore",,,,https://remotive.com/remote-jobs/software-development/senior-golang-developer-2091098,2026-08-20,2026-09-18
Remotive,remotive_2091097,Senior Data Engineer,Lemon.io,Software Development,full_time,"LATAM, Europe, USA, Canada, APAC",,,,https://remotive.com/remote-jobs/software-development/senior-data-engineer-2091097,2026-08-19,2026-09-18
Adzuna,adzuna_5864586827,Servicemonteur Mechatronica | Begin je dag vanuit huis,Profield,Unknown,,NL,,,,https://www.adzuna.nl/land/ad/5864586827?se=lI3jEyez8RGJQ8ghP7HgNA&utm_medium=api&utm_source=8500f1f0&v=CAB55374B2A631BA5E1165446BF20E80A5FD12B7,2026-09-01,2026-09-18
Adzuna,adzuna_5864586823,Servicemonteur Robotica & Automatisering | Start Vanuit Huis,Profield,Unknown,,NL,,,,https://www.adzuna.nl/land/ad/5864586823?se=lI3jEyez8RGJQ8ghP7HgNA&utm_medium=api&utm_source=8500f1f0&v=10928BDB782168A8BBE302DBFCD7AE108B4ACAD7,2026-09-01,2026-09-18
Adzuna,adzuna_5864586819,Servicemonteur Robotica & Automatisering | Start Vanuit Huis,Profield,Unknown,,NL,,,,https://www.adzuna.nl/land/ad/5864586819?se=lI3jEyez8RGJQ8ghP7HgNA&utm_medium=api&utm_source=8500f1f0&v=0A392CF8D9DA5928E72EE7C4C13CF0DEC1FEEE0F,2026-09-01,2026-09-18
Adzuna,adzuna_5864586821,Servicemonteur Robotica & Automatisering | Start Vanuit Huis,Profield,Unknown,,NL,,,,https://www.adzuna.nl/land/ad/5864586821?se=lI3jEyez8RGJQ8ghP7HgNA&utm_medium=api&utm_source=8500f1f0&v=934A77B8B1CFC1C74F6B538C32D675A2FECB2E3C,2026-09-01,2026-09-18
Adzuna,adzuna_5796556982,Thuiswerken in Spanje!,Yource Group,Klantenservice vacatures,,NL,,,,https://www.adzuna.nl/details/5796556982?utm_medium=api&utm_source=8500f1f0,2026-07-11,2026-09-18
Adzuna,adzuna_5403571623,Thuiswerkende Recruiter,Arbeidsmakelaar,Detailhandel vacatures,,NL,,,,https://www.adzuna.nl/details/5403571623?utm_medium=api&utm_source=8500f1f0,2025-09-17,2026-09-18
Adzuna,adzuna_5877204156,Klantadviseur Schade Leeuwarden,Klant Contact Diensten,Unknown,,NL,,,,https://www.adzuna.nl/land/ad/5877204156?se=lI3jEyez8RGJQ8ghP7HgNA&utm_medium=api&utm_source=8500f1f0&v=FF5A5B36421DBEFBBCECBE84A16790CFF7FA27C3,2026-09-09,2026-09-18
Adzuna,adzuna_5877204093,Klantadviseur Schade Leeuwarden,Klant Contact Diensten,Unknown,,NL,,,,https://www.adzuna.nl/land/ad/5877204093?se=lI3jEyez8RGJQ8ghP7HgNA&utm_medium=api&utm_source=8500f1f0&v=F12ECE6EE861EB8351C3DDCD79CF1599E539AC42,2026-09-09,2026-09-18
Adzuna,adzuna_5877204127,Klantadviseur Schade Leeuwarden,Klant Contact Diensten,Unknown,,NL,,,,https://www.adzuna.nl/land/ad/5877204127?se=lI3jEyez8RGJQ8ghP7HgNA&utm_medium=api&utm_source=8500f1f0&v=047D846813547D7AA4AC6B4C16AABF32AE46ACC7,2026-09-09,2026-09-18
Adzuna,adzuna_5877204079,Klantadviseur Schade Leeuwarden,Klant Contact Diensten,Unknown,,NL,,,,https://www.adzuna.nl/land/ad/5877204079?se=lI3jEyez8RGJQ8ghP7HgNA&utm_medium=api&utm_source=8500f1f0&v=F6D36B089A2932FFAC4A8F3FA8F7A724FEB5BB13,2026-09-09,2026-09-18
Adzuna,adzuna_5877204109,Klantadviseur Schade Leeuwarden,Klant Contact Diensten,Unknown,,NL,,,,https://www.adzuna.nl/land/ad/5877204109?se=lI3jEyez8RGJQ8ghP7HgNA&utm_medium=api&utm_source=8500f1f0&v=C904D489F0926E05E9D594AE637696B21846341B,2026-09-09,2026-09-18
Adzuna,adzuna_5877204091,Klantadviseur Schade Leeuwarden,Klant Contact Diensten,Unknown,,NL,,,,https://www.adzuna.nl/land/ad/5877204091?se=lI3jEyez8RGJQ8ghP7HgNA&utm_medium=api&utm_source=8500f1f0&v=4D5F9665F63E3CDDB7AFA860D85075C02408AAD5,2026-09-09,2026-09-18
Adzuna,adzuna_5877204088,Klantadviseur Schade Leeuwarden,Klant Contact Diensten,Unknown,,NL,,,,https://www.adzuna.nl/land/ad/5877204088?se=lI3jEyez8RGJQ8ghP7HgNA&utm_medium=api&utm_source=8500f1f0&v=368E1C6FA38F33319773E808C51647BFCE080E52,2026-09-09,2026-09-18
Adzuna,adzuna_5877204102,Klantadviseur Schade Leeuwarden,Klant Contact Diensten,Unknown,,NL,,,,https://www.adzuna.nl/land/ad/5877204102?se=lI3jEyez8RGJQ8ghP7HgNA&utm_medium=api&utm_source=8500f1f0&v=39269662426AE78104E40F412022C3C213A71F05,2026-09-09,2026-09-18
Adzuna,adzuna_5877204074,Klantadviseur Schade Leeuwarden,Klant Contact Diensten,Unknown,,NL,,,,https://www.adzuna.nl/land/ad/5877204074?se=lI3jEyez8RGJQ8ghP7HgNA&utm_medium=api&utm_source=8500f1f0&v=6C839973F437F48AD8F8194837E272163D0C5D83,2026-09-09,2026-09-18
Adzuna,adzuna_5877204066,Klantadviseur Schade Leeuwarden,Klant Contact Diensten,Unknown,,NL,,,,https://www.adzuna.nl/land/ad/5877204066?se=lI3jEyez8RGJQ8ghP7HgNA&utm_medium=api&utm_source=8500f1f0&v=9356920D95D1D0D9AED0E238F76F77DD5F3A94D6,2026-09-09,2026-09-18
Adzuna,adzuna_5877204113,Klantadviseur Schade Leeuwarden,Klant Contact Diensten,Unknown,,NL,,,,https://www.adzuna.nl/land/ad/5877204113?se=lI3jEyez8RGJQ8ghP7HgNA&utm_medium=api&utm_source=8500f1f0&v=4513B0BC979B3B041426EF8EBFDC38317714C65A,2026-09-09,2026-09-18
Adzuna,adzuna_5877204086,Klantadviseur Schade Leeuwarden,Klant Contact Diensten,Unknown,,NL,,,,https://www.adzuna.nl/land/ad/5877204086?se=lI3jEyez8RGJQ8ghP7HgNA&utm_medium=api&utm_source=8500f1f0&v=0E6505A483AF70432A4E3472633C5D8399E6231F,2026-09-09,2026-09-18
Adzuna,adzuna_5877204060,Klantadviseur Schade Leeuwarden,Klant Contact Diensten,Unknown,,NL,,,,https://www.adzuna.nl/land/ad/5877204060?se=lI3jEyez8RGJQ8ghP7HgNA&utm_medium=api&utm_source=8500f1f0&v=7608F18A5070C9B4522EFE68D42E224EA9178A54,2026-09-09,2026-09-18
Adzuna,adzuna_5865975627,Klantadviseur Schade Leeuwarden,Klant Contact Diensten,Unknown,,NL,,,,https://www.adzuna.nl/land/ad/5865975627?se=lI3jEyez8RGJQ8ghP7HgNA&utm_medium=api&utm_source=8500f1f0&v=2E5906DD4105A8651CC51987DD89756DF296C101,2026-09-02,2026-09-18
Adzuna,adzuna_5877204116,Klantadviseur Schade Leeuwarden,Klant Contact Diensten,Unknown,,NL,,,,https://www.adzuna.nl/land/ad/5877204116?se=lI3jEyez8RGJQ8ghP7HgNA&utm_medium=api&utm_source=8500f1f0&v=0B76FD33D61A1674980521AA5E0F9AF689C2F992,2026-09-09,2026-09-18
Adzuna,adzuna_5877204152,Klantadviseur Schade Leeuwarden,Klant Contact Diensten,Unknown,,NL,,,,https://www.adzuna.nl/land/ad/5877204152?se=lI3jEyez8RGJQ8ghP7HgNA&utm_medium=api&utm_source=8500f1f0&v=F25916149F05B039C9D5AF01F0D7771AED1DFDA8,2026-09-09,2026-09-18
Adzuna,adzuna_5877204070,Klantadviseur Schade Leeuwarden,Klant Contact Diensten,Unknown,,NL,,,,https://www.adzuna.nl/land/ad/5877204070?se=lI3jEyez8RGJQ8ghP7HgNA&utm_medium=api&utm_source=8500f1f0&v=9661097281E329D10DF4D6B1B97AF31C24751BA9,2026-09-09,2026-09-18
Adzuna,adzuna_5877204062,Klantadviseur Schade Leeuwarden,Klant Contact Diensten,Unknown,,NL,,,,https://www.adzuna.nl/land/ad/5877204062?se=lI3jEyez8RGJQ8ghP7HgNA&utm_medium=api&utm_source=8500f1f0&v=7273C6233009739EB575C234F40E407E36909252,2026-09-09,2026-09-18
Adzuna,adzuna_5877204104,Klantadviseur Schade Leeuwarden,Klant Contact Diensten,Unknown,,NL,,,,https://www.adzuna.nl/land/ad/5877204104?se=lI3jEyez8RGJQ8ghP7HgNA&utm_medium=api&utm_source=8500f1f0&v=C3F764A7B2AB2267B724E1AA18E3C01500A78211,2026-09-09,2026-09-18
Adzuna,adzuna_5864587474,Beheertechnicus Meet- en Regeltechniek (Remote Service),Breman,Unknown,,NL,,,,https://www.adzuna.nl/land/ad/5864587474?se=lI3jEyez8RGJQ8ghP7HgNA&utm_medium=api&utm_source=8500f1f0&v=FF83CA051F6B26C2DF044C8750AA73AB588E7325,2026-09-01,2026-09-18
Adzuna,adzuna_5860431432,ANIOS Hoorplicht | thuiswerken,BKV,Gezondheidszorg Wetenschap en Verpleging vacatures,full_time,NL,,,,https://www.adzuna.nl/details/5860431432?utm_medium=api&utm_source=8500f1f0,2026-08-29,2026-09-18
Adzuna,adzuna_2441297320,Thuiswerk: Bijles leraar,Apprentus,Vacatures voor leraren,,NL,,,,https://www.adzuna.nl/details/2441297320?utm_medium=api&utm_source=8500f1f0,2021-09-08,2026-09-18
Adzuna,adzuna_2441297341,Thuiswerk: Bijles docent,Apprentus,Vacatures voor leraren,,NL,,,,https://www.adzuna.nl/details/2441297341?utm_medium=api&utm_source=8500f1f0,2021-09-08,2026-09-18
Adzuna,adzuna_2441297329,Thuiswerk: Bijles leraar,Apprentus,Vacatures voor leraren,,NL,,,,https://www.adzuna.nl/details/2441297329?utm_medium=api&utm_source=8500f1f0,2021-09-08,2026-09-18
Adzuna,adzuna_2441297326,Thuiswerk: Bijles docent,Apprentus,Vacatures voor leraren,,NL,,,,https://www.adzuna.nl/details/2441297326?utm_medium=api&utm_source=8500f1f0,2021-09-08,2026-09-18
Adzuna,adzuna_2441297311,Thuiswerk: Bijles docent,Apprentus,Vacatures voor leraren,,NL,,,,https://www.adzuna.nl/details/2441297311?utm_medium=api&utm_source=8500f1f0,2021-09-08,2026-09-18
Adzuna,adzuna_2441297229,Thuiswerk: Bijles leraar,Apprentus,Vacatures voor leraren,,NL,,,,https://www.adzuna.nl/details/2441297229?utm_medium=api&utm_source=8500f1f0,2021-09-08,2026-09-18
Adzuna,adzuna_2441297248,Thuiswerk: Bijles leraar,Apprentus,Vacatures voor leraren,,NL,,,,https://www.adzuna.nl/details/2441297248?utm_medium=api&utm_source=8500f1f0,2021-09-08,2026-09-18
Adzuna,adzuna_2441297285,Thuiswerk: Bijles leraar,Apprentus,Vacatures voor leraren,,NL,,,,https://www.adzuna.nl/details/2441297285?utm_medium=api&utm_source=8500f1f0,2021-09-08,2026-09-18
Adzuna,adzuna_2441297244,Thuiswerk: Bijles leraar,Apprentus,Vacatures voor leraren,,NL,,,,https://www.adzuna.nl/details/2441297244?utm_medium=api&utm_source=8500f1f0,2021-09-08,2026-09-18
Adzuna,adzuna_2441297262,Thuiswerk: Bijles docent,Apprentus,Vacatures voor leraren,,NL,,,,https://www.adzuna.nl/details/2441297262?utm_medium=api&utm_source=8500f1f0,2021-09-08,2026-09-18
Adzuna,adzuna_2441297307,Thuiswerk: Bijles docent,Apprentus,Vacatures voor leraren,,NL,,,,https://www.adzuna.nl/details/2441297307?utm_medium=api&utm_source=8500f1f0,2021-09-08,2026-09-18
Adzuna,adzuna_2441297267,Thuiswerk: Bijles docent,Apprentus,Vacatures voor leraren,,NL,,,,https://www.adzuna.nl/details/2441297267?utm_medium=api&utm_source=8500f1f0,2021-09-08,2026-09-18
Adzuna,adzuna_2441297293,Thuiswerk: Bijles leraar,Apprentus,Vacatures voor leraren,,NL,,,,https://www.adzuna.nl/details/2441297293?utm_medium=api&utm_source=8500f1f0,2021-09-08,2026-09-18
Adzuna,adzuna_2441297310,Thuiswerk: Bijles docent,Apprentus,Vacatures voor leraren,,NL,,,,https://www.adzuna.nl/details/2441297310?utm_medium=api&utm_source=8500f1f0,2021-09-08,2026-09-18
Adzuna,adzuna_2441297284,Thuiswerk: Bijles docent,Apprentus,Vacatures voor leraren,,NL,,,,https://www.adzuna.nl/details/2441297284?utm_medium=api&utm_source=8500f1f0,2021-09-08,2026-09-18
Adzuna,adzuna_2441297268,Thuiswerk: Bijles leraar,Apprentus,Vacatures voor leraren,,NL,,,,https://www.adzuna.nl/details/2441297268?utm_medium=api&utm_source=8500f1f0,2021-09-08,2026-09-18
Adzuna,adzuna_2441297269,Thuiswerk: Bijles docent,Apprentus,Vacatures voor leraren,,NL,,,,https://www.adzuna.nl/details/2441297269?utm_medium=api&utm_source=8500f1f0,2021-09-08,2026-09-18
Adzuna,adzuna_2441297295,Thuiswerk: Bijles leraar,Apprentus,Vacatures voor leraren,,NL,,,,https://www.adzuna.nl/details/2441297295?utm_medium=api&utm_source=8500f1f0,2021-09-08,2026-09-18
Adzuna,adzuna_2441297294,Thuiswerk: Bijles docent,Apprentus,Vacatures voor leraren,,NL,,,,https://www.adzuna.nl/details/2441297294?utm_medium=api&utm_source=8500f1f0,2021-09-08,2026-09-18
Adzuna,adzuna_2441297290,Thuiswerk: Bijles leraar,Apprentus,Vacatures voor leraren,,NL,,,,https://www.adzuna.nl/details/2441297290?utm_medium=api&utm_source=8500f1f0,2021-09-08,2026-09-18
Adzuna,adzuna_2441297292,Thuiswerk: Bijles docent,Apprentus,Vacatures voor leraren,,NL,,,,https://www.adzuna.nl/details/2441297292?utm_medium=api&utm_source=8500f1f0,2021-09-08,2026-09-18
Adzuna,adzuna_5886012889,Klantenservicemedewerker (Gedeeltelijk thuiswerken!),Olympia,Klantenservice vacatures,,NL,,35352.0,35352.0,https://www.adzuna.nl/details/5886012889?utm_medium=api&utm_source=8500f1f0,2026-09-16,2026-09-18
Adzuna,adzuna_5887077379,Klantenservicemedewerker (Gedeeltelijk thuiswerken!),Olympia,Klantenservice vacatures,,NL,,35352.0,35352.0,https://www.adzuna.nl/details/5887077379?utm_medium=api&utm_source=8500f1f0,2026-09-17,2026-09-18
Adzuna,adzuna_5887257933,Paid Emails - Work From Home,Opinion Groups,Other/General Jobs,full_time,GB,,33035.98,33035.98,https://www.adzuna.co.uk/jobs/land/ad/5887257933?se=pkrzFiez8RGJQ8ghP7HgNA&utm_medium=api&utm_source=8500f1f0&v=B9D0459CDBB9314DA40800E6CDE8121F8DD8B884,2026-09-17,2026-09-18
Adzuna,adzuna_5885369167,Team Leader - Work From Home,Teleperformance,Customer Services Jobs,full_time,GB,,37286.24,37286.24,https://www.adzuna.co.uk/jobs/land/ad/5885369167?se=pkrzFiez8RGJQ8ghP7HgNA&utm_medium=api&utm_source=8500f1f0&v=7F4EE49CBAB08D68EA0B281FA6CE97C5677A3981,2026-09-16,2026-09-18
Adzuna,adzuna_5872823271,Nurse Disability Assessor Hybrid Work from Home,Igo Recruitment,Healthcare & Nursing Jobs,part_time,GB,,50000.0,50000.0,https://www.adzuna.co.uk/jobs/land/ad/5872823271?se=pkrzFiez8RGJQ8ghP7HgNA&utm_medium=api&utm_source=8500f1f0&v=21AA34A93DF382E715A6E68BAC4498406CC18451,2026-09-06,2026-09-18
Adzuna,adzuna_5872823289,Nurse Disability Assessor Hybrid Work from Home,Igo Recruitment,Healthcare & Nursing Jobs,part_time,GB,,40000.0,40000.0,https://www.adzuna.co.uk/jobs/land/ad/5872823289?se=pkrzFiez8RGJQ8ghP7HgNA&utm_medium=api&utm_source=8500f1f0&v=E75EEF8A3A07F19BAA330C24C08A1D558F2FA32D,2026-09-06,2026-09-18
Adzuna,adzuna_5873627723,Nurse Disability Assessor Hybrid Work from Home,Stonebranch Healthcare Ltd,Healthcare & Nursing Jobs,part_time,GB,,40000.0,40000.0,https://www.adzuna.co.uk/jobs/land/ad/5873627723?se=pkrzFiez8RGJQ8ghP7HgNA&utm_medium=api&utm_source=8500f1f0&v=5EEED0030FD13BB5F33EBBEA4922CD8D6D7DF23F,2026-09-07,2026-09-18
Adzuna,adzuna_5872823265,Nurse Disability Assessor Hybrid Work from Home,Igo Recruitment,Healthcare & Nursing Jobs,part_time,GB,,40000.0,40000.0,https://www.adzuna.co.uk/jobs/land/ad/5872823265?se=pkrzFiez8RGJQ8ghP7HgNA&utm_medium=api&utm_source=8500f1f0&v=E35DB34EF6C047FE663756E93E524C55C7CCA16C,2026-09-06,2026-09-18
Adzuna,adzuna_5875643968,Nurse Disability Assessor Hybrid Work from Home,Igo Recruitment,Healthcare & Nursing Jobs,part_time,GB,,40000.0,40000.0,https://www.adzuna.co.uk/jobs/land/ad/5875643968?se=pkrzFiez8RGJQ8ghP7HgNA&utm_medium=api&utm_source=8500f1f0&v=74925D6DAE0D2BFD7118DCECF64A3670E7EAD667,2026-09-08,2026-09-18
Adzuna,adzuna_5859492849,Work-from-Home Map Reviewer,OneForma,IT Jobs,part_time,GB,,22880.0,22880.0,https://www.adzuna.co.uk/jobs/land/ad/5859492849?se=pkrzFiez8RGJQ8ghP7HgNA&utm_medium=api&utm_source=8500f1f0&v=395881F7E0B54CC503CD41AA5E93D03BF9E0EAEF,2026-08-28,2026-09-18
Adzuna,adzuna_5871617442,Nurse Disability Assessor Hybrid Work from Home,Igo Recruitment,Healthcare & Nursing Jobs,part_time,GB,,40000.0,40000.0,https://www.adzuna.co.uk/jobs/land/ad/5871617442?se=pkrzFiez8RGJQ8ghP7HgNA&utm_medium=api&utm_source=8500f1f0&v=43574E8E2711A136ECDC9EF00B179FE3AB6F0000,2026-09-05,2026-09-18
Adzuna,adzuna_5871082759,Nurse Disability Assessor Hybrid Work from Home,Igo Recruitment,Healthcare & Nursing Jobs,part_time,GB,,40000.0,40000.0,https://www.adzuna.co.uk/jobs/land/ad/5871082759?se=pkrzFiez8RGJQ8ghP7HgNA&utm_medium=api&utm_source=8500f1f0&v=E25C66AEE642AE1BC45A09C9893767D88651E4D0,2026-09-04,2026-09-18
Adzuna,adzuna_5871617449,Nurse Disability Assessor Hybrid Work from Home,Igo Recruitment,Healthcare & Nursing Jobs,part_time,GB,,50000.0,50000.0,https://www.adzuna.co.uk/jobs/land/ad/5871617449?se=pkrzFiez8RGJQ8ghP7HgNA&utm_medium=api&utm_source=8500f1f0&v=0CF54742F64ECFB7B7A538D23E113159DB980AC2,2026-09-05,2026-09-18
Adzuna,adzuna_5874155498,Tax Manager (4 Days WFH),HireIQ,Accounting & Finance Jobs,,GB,,70000.0,70000.0,https://www.adzuna.co.uk/jobs/land/ad/5874155498?se=pkrzFiez8RGJQ8ghP7HgNA&utm_medium=api&utm_source=8500f1f0&v=0CB352505816A037C12BB94018172FA80DCF5D04,2026-09-07,2026-09-18
Adzuna,adzuna_5854368246,Work From Home / Remote Working Charity Fundraiser / Telesales,Effective Recruitment Solutions Ltd,Sales Jobs,,GB,,26436.0,27144.0,https://www.adzuna.co.uk/jobs/details/5854368246?utm_medium=api&utm_source=8500f1f0,2026-08-24,2026-09-18
Adzuna,adzuna_5568659442,Work from Home Online,925 Home Jobs,Admin Jobs,part_time,GB,,39333.06,39333.06,https://www.adzuna.co.uk/jobs/land/ad/5568659442?se=pkrzFiez8RGJQ8ghP7HgNA&utm_medium=api&utm_source=8500f1f0&v=B9CB4F4F61D067EC8F537856794A2259434F05C1,2026-01-05,2026-09-18
Adzuna,adzuna_1300283632,Work from Home (Researcher),Appen,IT Jobs,,GB,,28000.0,28000.0,https://www.adzuna.co.uk/jobs/details/1300283632?utm_medium=api&utm_source=8500f1f0,2019-10-16,2026-09-18
Adzuna,adzuna_1300284170,Work from Home (Researcher),Appen,IT Jobs,,GB,,28000.0,28000.0,https://www.adzuna.co.uk/jobs/details/1300284170?utm_medium=api&utm_source=8500f1f0,2019-10-16,2026-09-18
Adzuna,adzuna_1300283529,Work from Home (Researcher),Appen,IT Jobs,,GB,,28000.0,28000.0,https://www.adzuna.co.uk/jobs/details/1300283529?utm_medium=api&utm_source=8500f1f0,2019-10-16,2026-09-18
Adzuna,adzuna_1300283672,Work from Home (Researcher),Appen,IT Jobs,,GB,,28000.0,28000.0,https://www.adzuna.co.uk/jobs/details/1300283672?utm_medium=api&utm_source=8500f1f0,2019-10-16,2026-09-18
Adzuna,adzuna_1300284300,Work from Home (Researcher),Appen,IT Jobs,,GB,,28000.0,28000.0,https://www.adzuna.co.uk/jobs/details/1300284300?utm_medium=api&utm_source=8500f1f0,2019-10-16,2026-09-18
Adzuna,adzuna_1300283588,Work from Home (Researcher),Appen,IT Jobs,,GB,,28000.0,28000.0,https://www.adzuna.co.uk/jobs/details/1300283588?utm_medium=api&utm_source=8500f1f0,2019-10-16,2026-09-18
Adzuna,adzuna_1300283592,Work from Home (Researcher),Appen,IT Jobs,,GB,,28000.0,28000.0,https://www.adzuna.co.uk/jobs/details/1300283592?utm_medium=api&utm_source=8500f1f0,2019-10-16,2026-09-18
Adzuna,adzuna_1300284346,Work from Home (Researcher),Appen,IT Jobs,,GB,,28000.0,28000.0,https://www.adzuna.co.uk/jobs/details/1300284346?utm_medium=api&utm_source=8500f1f0,2019-10-16,2026-09-18
Adzuna,adzuna_1300283682,Work from Home (Researcher),Appen,IT Jobs,,GB,,28000.0,28000.0,https://www.adzuna.co.uk/jobs/details/1300283682?utm_medium=api&utm_source=8500f1f0,2019-10-16,2026-09-18
Adzuna,adzuna_1300284367,Work from Home (Researcher),Appen,IT Jobs,,GB,,28000.0,28000.0,https://www.adzuna.co.uk/jobs/details/1300284367?utm_medium=api&utm_source=8500f1f0,2019-10-16,2026-09-18
Adzuna,adzuna_1300283593,Work from Home (Researcher),Appen,IT Jobs,,GB,,28000.0,28000.0,https://www.adzuna.co.uk/jobs/details/1300283593?utm_medium=api&utm_source=8500f1f0,2019-10-16,2026-09-18
Adzuna,adzuna_1300283692,Work from Home (Researcher),Appen,IT Jobs,,GB,,28000.0,28000.0,https://www.adzuna.co.uk/jobs/details/1300283692?utm_medium=api&utm_source=8500f1f0,2019-10-16,2026-09-18
Adzuna,adzuna_1300283630,Work from Home (Researcher),Appen,IT Jobs,,GB,,28000.0,28000.0,https://www.adzuna.co.uk/jobs/details/1300283630?utm_medium=api&utm_source=8500f1f0,2019-10-16,2026-09-18
Adzuna,adzuna_1300283699,Work from Home (Researcher),Appen,IT Jobs,,GB,,28000.0,28000.0,https://www.adzuna.co.uk/jobs/details/1300283699?utm_medium=api&utm_source=8500f1f0,2019-10-16,2026-09-18
Adzuna,adzuna_1300283700,Work from Home (Researcher),Appen,IT Jobs,,GB,,28000.0,28000.0,https://www.adzuna.co.uk/jobs/details/1300283700?utm_medium=api&utm_source=8500f1f0,2019-10-16,2026-09-18
Adzuna,adzuna_1300283638,Work from Home (Researcher),Appen,IT Jobs,,GB,,28000.0,28000.0,https://www.adzuna.co.uk/jobs/details/1300283638?utm_medium=api&utm_source=8500f1f0,2019-10-16,2026-09-18
Adzuna,adzuna_1300283693,Work from Home (Researcher),Appen,IT Jobs,,GB,,28000.0,28000.0,https://www.adzuna.co.uk/jobs/details/1300283693?utm_medium=api&utm_source=8500f1f0,2019-10-16,2026-09-18
Adzuna,adzuna_1300283735,Work from Home (Researcher),Appen,IT Jobs,,GB,,28000.0,28000.0,https://www.adzuna.co.uk/jobs/details/1300283735?utm_medium=api&utm_source=8500f1f0,2019-10-16,2026-09-18
Adzuna,adzuna_1300283738,Work from Home (Researcher),Appen,IT Jobs,,GB,,28000.0,28000.0,https://www.adzuna.co.uk/jobs/details/1300283738?utm_medium=api&utm_source=8500f1f0,2019-10-16,2026-09-18
Adzuna,adzuna_1300283736,Work from Home (Researcher),Appen,IT Jobs,,GB,,28000.0,28000.0,https://www.adzuna.co.uk/jobs/details/1300283736?utm_medium=api&utm_source=8500f1f0,2019-10-16,2026-09-18
Adzuna,adzuna_1300283547,Work from Home (Researcher),Appen,IT Jobs,,GB,,28000.0,28000.0,https://www.adzuna.co.uk/jobs/details/1300283547?utm_medium=api&utm_source=8500f1f0,2019-10-16,2026-09-18
Adzuna,adzuna_1300283774,Work from Home (Researcher),Appen,IT Jobs,,GB,,28000.0,28000.0,https://www.adzuna.co.uk/jobs/details/1300283774?utm_medium=api&utm_source=8500f1f0,2019-10-16,2026-09-18
Adzuna,adzuna_1300283782,Work from Home (Researcher),Appen,IT Jobs,,GB,,28000.0,28000.0,https://www.adzuna.co.uk/jobs/details/1300283782?utm_medium=api&utm_source=8500f1f0,2019-10-16,2026-09-18
Adzuna,adzuna_1300283652,Work from Home (Researcher),Appen,IT Jobs,,GB,,28000.0,28000.0,https://www.adzuna.co.uk/jobs/details/1300283652?utm_medium=api&utm_source=8500f1f0,2019-10-16,2026-09-18
Adzuna,adzuna_1300283830,Work from Home (Researcher),Appen,IT Jobs,,GB,,28000.0,28000.0,https://www.adzuna.co.uk/jobs/details/1300283830?utm_medium=api&utm_source=8500f1f0,2019-10-16,2026-09-18
Adzuna,adzuna_1300283804,Work from Home (Researcher),Appen,IT Jobs,,GB,,28000.0,28000.0,https://www.adzuna.co.uk/jobs/details/1300283804?utm_medium=api&utm_source=8500f1f0,2019-10-16,2026-09-18
Adzuna,adzuna_1300283834,Work from Home (Researcher),Appen,IT Jobs,,GB,,28000.0,28000.0,https://www.adzuna.co.uk/jobs/details/1300283834?utm_medium=api&utm_source=8500f1f0,2019-10-16,2026-09-18
Adzuna,adzuna_1300283846,Work from Home (Researcher),Appen,IT Jobs,,GB,,28000.0,28000.0,https://www.adzuna.co.uk/jobs/details/1300283846?utm_medium=api&utm_source=8500f1f0,2019-10-16,2026-09-18
Adzuna,adzuna_1300283869,Work from Home (Researcher),Appen,IT Jobs,,GB,,28000.0,28000.0,https://www.adzuna.co.uk/jobs/details/1300283869?utm_medium=api&utm_source=8500f1f0,2019-10-16,2026-09-18
Adzuna,adzuna_1300283876,Work from Home (Researcher),Appen,IT Jobs,,GB,,28000.0,28000.0,https://www.adzuna.co.uk/jobs/details/1300283876?utm_medium=api&utm_source=8500f1f0,2019-10-16,2026-09-18
Adzuna,adzuna_1300283877,Work from Home (Researcher),Appen,IT Jobs,,GB,,28000.0,28000.0,https://www.adzuna.co.uk/jobs/details/1300283877?utm_medium=api&utm_source=8500f1f0,2019-10-16,2026-09-18
Adzuna,adzuna_1300283925,Work from Home (Researcher),Appen,IT Jobs,,GB,,28000.0,28000.0,https://www.adzuna.co.uk/jobs/details/1300283925?utm_medium=api&utm_source=8500f1f0,2019-10-16,2026-09-18
Adzuna,adzuna_1300283727,Work from Home (Researcher),Appen,IT Jobs,,GB,,28000.0,28000.0,https://www.adzuna.co.uk/jobs/details/1300283727?utm_medium=api&utm_source=8500f1f0,2019-10-16,2026-09-18
Adzuna,adzuna_1300283955,Work from Home (Researcher),Appen,IT Jobs,,GB,,28000.0,28000.0,https://www.adzuna.co.uk/jobs/details/1300283955?utm_medium=api&utm_source=8500f1f0,2019-10-16,2026-09-18
Adzuna,adzuna_1300283781,Work from Home (Researcher),Appen,IT Jobs,,GB,,28000.0,28000.0,https://www.adzuna.co.uk/jobs/details/1300283781?utm_medium=api&utm_source=8500f1f0,2019-10-16,2026-09-18
Adzuna,adzuna_1300283937,Work from Home (Researcher),Appen,IT Jobs,,GB,,28000.0,28000.0,https://www.adzuna.co.uk/jobs/details/1300283937?utm_medium=api&utm_source=8500f1f0,2019-10-16,2026-09-18
Adzuna,adzuna_5786419438,Steuerberater (w/m/d) 100% Remote,CHP Rechtsanwalt & Steuerberater Partnerschaftsgesellschaft mbB,Unknown,,DE,,,,https://www.adzuna.de/land/ad/5786419438?se=0gEhGiez8RGWEPVu98_4YQ&utm_medium=api&utm_source=8500f1f0&v=1368D2212503AC325224AD485E28E426C0AACAA6,2026-07-03,2026-09-18
Adzuna,adzuna_5782081007,Steuerberater (w/m/d) 100% Remote,CHP Rechtsanwalt & Steuerberater Partnerschaftsgesellschaft mbB,Stellen aus Buchhaltung & Finanzwesen,,DE,,,,https://www.adzuna.de/land/ad/5782081007?se=0gEhGiez8RGWEPVu98_4YQ&utm_medium=api&utm_source=8500f1f0&v=9EF9C113C29FEBC8BFEB792FC2CD691AB307B71F,2026-06-30,2026-09-18
Adzuna,adzuna_5826274729,Steuerberater (w/m/d) 100% Remote,CHP Rechtsanwalt & Steuerberater Partnerschaftsgesellschaft mbB,Stellen aus Buchhaltung & Finanzwesen,,DE,,,,https://www.adzuna.de/land/ad/5826274729?se=0gEhGiez8RGWEPVu98_4YQ&utm_medium=api&utm_source=8500f1f0&v=15CAD936FB7B76A24BBB542C8B8EFD28B7E6C961,2026-08-03,2026-09-18
Adzuna,adzuna_5837579085,Steuerberater (w/m/d) 100% Remote,CHP Rechtsanwalt & Steuerberater Partnerschaftsgesellschaft mbB,Unknown,,DE,,,,https://www.adzuna.de/land/ad/5837579085?se=0gEhGiez8RGWEPVu98_4YQ&utm_medium=api&utm_source=8500f1f0&v=21F122C4629F304ED5FDA5D1D3D2A14D74780D6E,2026-08-12,2026-09-18
Adzuna,adzuna_5786419433,Steuerberater (w/m/d) 100% Remote,CHP Rechtsanwalt & Steuerberater Partnerschaftsgesellschaft mbB,Unknown,,DE,,,,https://www.adzuna.de/land/ad/5786419433?se=0gEhGiez8RGWEPVu98_4YQ&utm_medium=api&utm_source=8500f1f0&v=5988A63D2B6BD8E1521DCEC80C92EA5A38E52AAC,2026-07-03,2026-09-18
Adzuna,adzuna_5786419434,Steuerberater (w/m/d) 100% Remote,CHP Rechtsanwalt & Steuerberater Partnerschaftsgesellschaft mbB,Unknown,,DE,,,,https://www.adzuna.de/land/ad/5786419434?se=0gEhGiez8RGWEPVu98_4YQ&utm_medium=api&utm_source=8500f1f0&v=0A54E6BCAC3C61884E9345605811F193CFCD413C,2026-07-03,2026-09-18
Adzuna,adzuna_5786145864,Steuerberater (w/m/d) 100% Remote,CHP Rechtsanwalt & Steuerberater Partnerschaftsgesellschaft mbB,Stellen aus Buchhaltung & Finanzwesen,,DE,,,,https://www.adzuna.de/land/ad/5786145864?se=0gEhGiez8RGWEPVu98_4YQ&utm_medium=api&utm_source=8500f1f0&v=13F04226A8F986DB07D729BF3A3D180A065FD856,2026-07-03,2026-09-18
Adzuna,adzuna_5805589799,Steuerberater (m/w/d) remote oder vor Ort,Hummel I Lindner & Partner Steuerberater PartG mbB,Unknown,,DE,,,,https://www.adzuna.de/land/ad/5805589799?se=0gEhGiez8RGWEPVu98_4YQ&utm_medium=api&utm_source=8500f1f0&v=746E3878FD4D39FCDF16EADB353AFFF436D462FE,2026-07-18,2026-09-18
Adzuna,adzuna_5785228741,Senior Associate - Steuerberater (w/m/d) 100% Remote,CHP Rechtsanwalt & Steuerberater Partnerschaftsgesellschaft mbB,Unknown,,DE,,,,https://www.adzuna.de/land/ad/5785228741?se=0gEhGiez8RGWEPVu98_4YQ&utm_medium=api&utm_source=8500f1f0&v=9C08F6607C42C2CC72A846CF1A3F766514AA102F,2026-07-02,2026-09-18
Adzuna,adzuna_5826034823,Senior Associate - Steuerberater (w/m/d) 100% Remote,CHP Rechtsanwalt & Steuerberater Partnerschaftsgesellschaft mbB,Unknown,,DE,,,,https://www.adzuna.de/land/ad/5826034823?se=0gEhGiez8RGWEPVu98_4YQ&utm_medium=api&utm_source=8500f1f0&v=6C54CD7CC478FC78173B2A2ED3F4CE17015D8959,2026-08-02,2026-09-18
Adzuna,adzuna_5786419435,Senior Associate - Steuerberater (w/m/d) 100% Remote,CHP Rechtsanwalt & Steuerberater Partnerschaftsgesellschaft mbB,Stellen aus Buchhaltung & Finanzwesen,,DE,,,,https://www.adzuna.de/land/ad/5786419435?se=0gEhGiez8RGWEPVu98_4YQ&utm_medium=api&utm_source=8500f1f0&v=2D7493414B6ECEF6D61D5CC414CDBB7C54694F00,2026-07-03,2026-09-18
Adzuna,adzuna_5785228735,Senior Associate - Steuerberater (w/m/d) 100% Remote,CHP Rechtsanwalt & Steuerberater Partnerschaftsgesellschaft mbB,Unknown,,DE,,,,https://www.adzuna.de/land/ad/5785228735?se=0gEhGiez8RGWEPVu98_4YQ&utm_medium=api&utm_source=8500f1f0&v=246FC3FAFF42F999899E98387DAC16D8FCBF53CB,2026-07-02,2026-09-18
Adzuna,adzuna_5785228740,Senior Associate - Steuerberater (w/m/d) 100% Remote,CHP Rechtsanwalt & Steuerberater Partnerschaftsgesellschaft mbB,Unknown,,DE,,,,https://www.adzuna.de/land/ad/5785228740?se=0gEhGiez8RGWEPVu98_4YQ&utm_medium=api&utm_source=8500f1f0&v=026C227871BC2CCB40A9A707751D5A503741BD42,2026-07-02,2026-09-18
Adzuna,adzuna_5786419440,Senior Associate - Steuerberater (w/m/d) 100% Remote,CHP Rechtsanwalt & Steuerberater Partnerschaftsgesellschaft mbB,Unknown,,DE,,,,https://www.adzuna.de/land/ad/5786419440?se=0gEhGiez8RGWEPVu98_4YQ&utm_medium=api&utm_source=8500f1f0&v=D274B99FD1EF92649958E0F56D11D135F79C5754,2026-07-03,2026-09-18
Adzuna,adzuna_5786419442,Senior Associate - Steuerberater (w/m/d) 100% Remote,CHP Rechtsanwalt & Steuerberater Partnerschaftsgesellschaft mbB,Unknown,,DE,,,,https://www.adzuna.de/land/ad/5786419442?se=0gEhGiez8RGWEPVu98_4YQ&utm_medium=api&utm_source=8500f1f0&v=F80D9D89D4794CFEE383BDDB8AD469044B9319E4,2026-07-03,2026-09-18
Adzuna,adzuna_5747480393,Brandschutzingenieur / Fachplaner Brandschutz (m/w/d) in 55450 Langenlonsheim / remote,Schmidt INGENIEURE GmbH,Unknown,,DE,,,,https://www.adzuna.de/land/ad/5747480393?se=0gEhGiez8RGWEPVu98_4YQ&utm_medium=api&utm_source=8500f1f0&v=686B27854803EEAB82EC0ECC19A8565EDB99F577,2026-06-01,2026-09-18
Adzuna,adzuna_5888207163,Account Manager Industrieversicherungen (m/w/d) – Hamburg / Remote,EDEKA Versicherungsdienst Vermittlungs-GmbH,Stellen aus Buchhaltung & Finanzwesen,,DE,,,,https://www.adzuna.de/land/ad/5888207163?se=0gEhGiez8RGWEPVu98_4YQ&utm_medium=api&utm_source=8500f1f0&v=6D41A8CFDCDA227212B3A5DF451EFBF02975CC8A,2026-09-17,2026-09-18
Adzuna,adzuna_5751908988,Immobiliengutachter - Property Valuer Frankfurt mit hohem Remote-Anteil (m/w/d),M-Wert GmbH,Unknown,,DE,,,,https://www.adzuna.de/land/ad/5751908988?se=0gEhGiez8RGWEPVu98_4YQ&utm_medium=api&utm_source=8500f1f0&v=AE6869854D9787D6EFD205E4C8CB6EC950C273FE,2026-06-04,2026-09-18
Adzuna,adzuna_5860053306,IT Architect für Remote Access Services (RAS) (m/w/d),BWI GmbH,Unknown,,DE,,,,https://www.adzuna.de/land/ad/5860053306?se=0gEhGiez8RGWEPVu98_4YQ&utm_medium=api&utm_source=8500f1f0&v=D660939D8B2B66C54B6DDBBA6F125E0843D4E552,2026-08-28,2026-09-18
Adzuna,adzuna_5855412444,Sachverständiger Immobiliengutachter – Großraum Frankfurt mit hohem Remote-Anteil (m|w|d),M-Wert GmbH,Unknown,,DE,,,,https://www.adzuna.de/land/ad/5855412444?se=0gEhGiez8RGWEPVu98_4YQ&utm_medium=api&utm_source=8500f1f0&v=F831B3A2EA562950FAB7CD023991C8BB55DBCC38,2026-08-25,2026-09-18
Adzuna,adzuna_5865039358,Mitarbeiter Direktvertrieb / Lokalvertrieb Außendienst (Remote) (m/w/d),DIGOOH Media GmbH,Vertriebsstellen,,DE,,,,https://www.adzuna.de/land/ad/5865039358?se=0gEhGiez8RGWEPVu98_4YQ&utm_medium=api&utm_source=8500f1f0&v=A5F32F8A3800F3BC319EE53D14603527650BC820,2026-09-01,2026-09-18
Adzuna,adzuna_5865039365,Mitarbeiter Direktvertrieb / Lokalvertrieb Außendienst (Remote) (m/w/d),DIGOOH Media GmbH,Vertriebsstellen,,DE,,,,https://www.adzuna.de/land/ad/5865039365?se=0gEhGiez8RGWEPVu98_4YQ&utm_medium=api&utm_source=8500f1f0&v=64A8B3DA49728B9C4886D77D5F7255090D697E48,2026-09-01,2026-09-18
Adzuna,adzuna_5865039397,Mitarbeiter Direktvertrieb / Lokalvertrieb Außendienst (Remote) (m/w/d),DIGOOH Media GmbH,Vertriebsstellen,,DE,,,,https://www.adzuna.de/land/ad/5865039397?se=0gEhGiez8RGWEPVu98_4YQ&utm_medium=api&utm_source=8500f1f0&v=F536776199AE87A7503E8CF49A672A5D430BA432,2026-09-01,2026-09-18
Adzuna,adzuna_5865039505,Mitarbeiter Direktvertrieb / Lokalvertrieb Außendienst (Remote) (m/w/d),DIGOOH Media GmbH,Vertriebsstellen,,DE,,,,https://www.adzuna.de/land/ad/5865039505?se=0gEhGiez8RGWEPVu98_4YQ&utm_medium=api&utm_source=8500f1f0&v=284553130A54A645F6671D368C05871F9E7CC31B,2026-09-01,2026-09-18
Adzuna,adzuna_5865039343,Mitarbeiter Direktvertrieb / Lokalvertrieb Außendienst (Remote) (m/w/d),DIGOOH Media GmbH,Vertriebsstellen,,DE,,,,https://www.adzuna.de/land/ad/5865039343?se=0gEhGiez8RGWEPVu98_4YQ&utm_medium=api&utm_source=8500f1f0&v=ED2F98ADA167344CA3CE01BFD4BAC49CF2CE3A72,2026-09-01,2026-09-18
Adzuna,adzuna_5865139759,Mitarbeiter Direktvertrieb / Lokalvertrieb Außendienst (Remote) (m/w/d),DIGOOH Media GmbH,Vertriebsstellen,,DE,,,,https://www.adzuna.de/land/ad/5865139759?se=0gEhGiez8RGWEPVu98_4YQ&utm_medium=api&utm_source=8500f1f0&v=0847DC83D05871803C5126FE7816D9B0533F498C,2026-09-01,2026-09-18
Adzuna,adzuna_5865139769,Mitarbeiter Direktvertrieb / Lokalvertrieb Außendienst (Remote) (m/w/d),DIGOOH Media GmbH,Vertriebsstellen,,DE,,,,https://www.adzuna.de/land/ad/5865139769?se=0gEhGiez8RGWEPVu98_4YQ&utm_medium=api&utm_source=8500f1f0&v=E5A1AE56762C4674F0964329F6EDBD82A9958CCC,2026-09-01,2026-09-18
Adzuna,adzuna_5865139795,Mitarbeiter Direktvertrieb / Lokalvertrieb Außendienst (Remote) (m/w/d),DIGOOH Media GmbH,Vertriebsstellen,,DE,,,,https://www.adzuna.de/land/ad/5865139795?se=0gEhGiez8RGWEPVu98_4YQ&utm_medium=api&utm_source=8500f1f0&v=B3FFAE6658E95042D30618D1BA70EA9B107B8A1F,2026-09-01,2026-09-18
Adzuna,adzuna_5865140107,Mitarbeiter Direktvertrieb / Lokalvertrieb Außendienst (Remote) (m/w/d),DIGOOH Media GmbH,Vertriebsstellen,,DE,,,,https://www.adzuna.de/land/ad/5865140107?se=0gEhGiez8RGWEPVu98_4YQ&utm_medium=api&utm_source=8500f1f0&v=C666DE2090EE1CE7301A81B3A39EA735874E809C,2026-09-01,2026-09-18
Adzuna,adzuna_5847100576,Reservations Manager (m/w/d) Remote,ibis Styles Darmstadt,Unknown,,DE,,,,https://www.adzuna.de/land/ad/5847100576?se=0gEhGiez8RGWEPVu98_4YQ&utm_medium=api&utm_source=8500f1f0&v=CD76ADA2EB7712D114E7338F4F3C8AFD2DF79EAD,2026-08-18,2026-09-18
Adzuna,adzuna_5882288731,"Site Reliability Engineer (m/w/d) – Konstanz, Berlin oder remote",SEITENBAU GmbH,Unknown,,DE,,,,https://www.adzuna.de/land/ad/5882288731?se=0gEhGiez8RGWEPVu98_4YQ&utm_medium=api&utm_source=8500f1f0&v=94351C03575335326CB12B87A26D8E657712AB21,2026-09-13,2026-09-18
Adzuna,adzuna_5887259752,Account Manager B2B - Remote (d/m/w),AUTO1 Group,Stellen aus Buchhaltung & Finanzwesen,,DE,,,,https://www.adzuna.de/land/ad/5887259752?se=0gEhGiez8RGWEPVu98_4YQ&utm_medium=api&utm_source=8500f1f0&v=CB64CA80DD5632FD392F43B8E11C9E1D49A13DF0,2026-09-17,2026-09-18
Adzuna,adzuna_5860795774,Steuerfachangestellte / Steuerfachwirte 100% remote (m/w/d),Prime Talents Inh. Tobias Scheffler,Unknown,,DE,,,,https://www.adzuna.de/land/ad/5860795774?se=0gEhGiez8RGWEPVu98_4YQ&utm_medium=api&utm_source=8500f1f0&v=BDA1DED00C2B1F2B22A477B408BF9C5BF6246DE8,2026-08-29,2026-09-18
Adzuna,adzuna_5884383740,Java Developer (m/w/d) – Berlin oder remote,SEITENBAU GmbH,IT-Stellen,,DE,,,,https://www.adzuna.de/land/ad/5884383740?se=0gEhGiez8RGWEPVu98_4YQ&utm_medium=api&utm_source=8500f1f0&v=6906189CDC66523E99277AFD7E4D3717783E5FE2,2026-09-15,2026-09-18
Adzuna,adzuna_5871557387,Senior Linux Operations Engineer (w/m/d) - onsite or remote,United Internet AG,IT-Stellen,,DE,,,,https://www.adzuna.de/land/ad/5871557387?se=0gEhGiez8RGWEPVu98_4YQ&utm_medium=api&utm_source=8500f1f0&v=75453CAE8B24F84D7E2E228F1571117A3BE4F4BF,2026-09-05,2026-09-18
Adzuna,adzuna_5870919572,Inside Sales Representative Apotheke (w/m/d) – Remote,+49 med GmbH,Unknown,,DE,,,,https://www.adzuna.de/land/ad/5870919572?se=0gEhGiez8RGWEPVu98_4YQ&utm_medium=api&utm_source=8500f1f0&v=38F7F6627CB57CEE5D66B947D895F35FCB7BD09F,2026-09-04,2026-09-18
Adzuna,adzuna_5850633269,"Steuerfachwirt (w/m/d) – Digitale Mandantenbuchhaltung, 100% Remote",CHP Rechtsanwalt & Steuerberater Partnerschaftsgesellschaft mbB,Stellen aus Buchhaltung & Finanzwesen,,DE,,,,https://www.adzuna.de/land/ad/5850633269?se=0gEhGiez8RGWEPVu98_4YQ&utm_medium=api&utm_source=8500f1f0&v=E2D4841776E8F1BB04338EDA5A8CFBA1B0D4373A,2026-08-21,2026-09-18
Adzuna,adzuna_5865116514,Assistenz der Geschäftsführung (m/w/d) – kaufmännischer Schwerpunkt – Remote,LargeNet GmbH,Verwaltungsstellen,,DE,,,,https://www.adzuna.de/land/ad/5865116514?se=0gEhGiez8RGWEPVu98_4YQ&utm_medium=api&utm_source=8500f1f0&v=7B77453AF95733BA51EAC22CF2ED2B581949367E,2026-09-01,2026-09-18
Adzuna,adzuna_5859424094,(Remote) STEP Developer / Consultant Master Data Management (gn),HORNBACH Baumarkt AG,Stellen aus Wissenschaft & Qualitätssicherung,,DE,,,,https://www.adzuna.de/land/ad/5859424094?se=0gEhGiez8RGWEPVu98_4YQ&utm_medium=api&utm_source=8500f1f0&v=D9B26276B795D1538F0315DF00FC5D259AE33DEB,2026-08-28,2026-09-18
Adzuna,adzuna_5876381744,"Außendienstmitarbeiter Vertrieb B2B (m/w/d), Remote, Region: Deutschland Nord / Ost (mit Wohnsitz in der Region)",Ahern Deutschland GmbH,Vertriebsstellen,,DE,,,,https://www.adzuna.de/land/ad/5876381744?se=0gEhGiez8RGWEPVu98_4YQ&utm_medium=api&utm_source=8500f1f0&v=EB4DF0BD60A241C9C48CE0811DA62492E14BB55B,2026-09-09,2026-09-18
Adzuna,adzuna_5873122185,Divisional Manager Export Compliance / Leitung Exportkontrolle (m/w/d) (je nach Wohnort bis zu 80% remote möglich),Ferdinand Bilstein GmbH & Co. KG,Beraterstellen,,DE,,,,https://www.adzuna.de/land/ad/5873122185?se=0gEhGiez8RGWEPVu98_4YQ&utm_medium=api&utm_source=8500f1f0&v=1F7DDEFE83DACDF9DA6B75D63C8625906DE4E2B0,2026-09-06,2026-09-18
Adzuna,adzuna_5858577350,Sales Manager Web und Applications hybrid oder remote (m/w/d),netcare GmbH,Vertriebsstellen,,DE,,,,https://www.adzuna.de/land/ad/5858577350?se=0gEhGiez8RGWEPVu98_4YQ&utm_medium=api&utm_source=8500f1f0&v=B29D1C6067A9E4169A6E13AA17A29C424AF9A8CC,2026-08-27,2026-09-18
Adzuna,adzuna_5858582373,"(Senior-) SAP Basis Administrator/in, primär Remote (m/w/d)",conMiller GmbH,Unknown,,DE,,,,https://www.adzuna.de/land/ad/5858582373?se=0gEhGiez8RGWEPVu98_4YQ&utm_medium=api&utm_source=8500f1f0&v=9D64559B752013E1848220C17B024DE41C996D86,2026-08-27,2026-09-18
Adzuna,adzuna_5888081296,Elektrokonstrukteur EPLAN (m/w/d) in Jena/Erfurt - teilweise Remote,Akkodis Germany GmbH,Unknown,,DE,,,,https://www.adzuna.de/land/ad/5888081296?se=0gEhGiez8RGWEPVu98_4YQ&utm_medium=api&utm_source=8500f1f0&v=B4D1686628C0BD954AE42AB0AF2C6A28A0BF8794,2026-09-17,2026-09-18
Adzuna,adzuna_5888081489,"Mitarbeiter im Vertrieb - keine Kaltakquise, fully remote (d/m/w)",Autohero,Unknown,,DE,,,,https://www.adzuna.de/land/ad/5888081489?se=0gEhGiez8RGWEPVu98_4YQ&utm_medium=api&utm_source=8500f1f0&v=C3FF22E60D196829915C38E1ED6493B192636EB6,2026-09-17,2026-09-18
Adzuna,adzuna_5874369411,Praktikant / Werkstudent Steuerberatung (m/w/d) (teilweise remote möglich),Grant Thornton AG Wirtschaftsprüfungsgesellschaft,Stellen aus Buchhaltung & Finanzwesen,,DE,,,,https://www.adzuna.de/land/ad/5874369411?se=0gEhGiez8RGWEPVu98_4YQ&utm_medium=api&utm_source=8500f1f0&v=E74D550232F1CE913DDE769E6C8A28EB9BF9443C,2026-09-07,2026-09-18
Adzuna,adzuna_5860794343,Sicherheitsfachkraft (m/w/d) 22€ / Std. für Remote Videoüberwachung in Karlsruhe gesucht!,"KÖTTER SE & Co. KG Security, München",Unknown,,DE,,,,https://www.adzuna.de/land/ad/5860794343?se=0gEhGiez8RGWEPVu98_4YQ&utm_medium=api&utm_source=8500f1f0&v=F6C30D0B18DDB2607D7A280F1560B101F195DC3E,2026-08-29,2026-09-18
Adzuna,adzuna_5861953133,"Senior Java Developer (m/w/d) - Konstanz, Berlin oder remote",SEITENBAU GmbH,IT-Stellen,,DE,,,,https://www.adzuna.de/land/ad/5861953133?se=0gEhGiez8RGWEPVu98_4YQ&utm_medium=api&utm_source=8500f1f0&v=A682B78A57AE75C6196E319D6DAE9FCF9284EE51,2026-08-30,2026-09-18
Adzuna,adzuna_5817489752,Entwickler/in ABAP SAP/DMS | Bis 90.000 € & 3 Tage Remote | Berlin (m/w/d),Majori GmbH,Unknown,,DE,,,,https://www.adzuna.de/land/ad/5817489752?se=0gEhGiez8RGWEPVu98_4YQ&utm_medium=api&utm_source=8500f1f0&v=231CAAF13EA5FC3F129893F4B5067B1909C2F775,2026-07-27,2026-09-18
Adzuna,adzuna_5886566929,Mitarbeiter Remote Service / Tech Support (m/w/d) MIWE service,MIWE Michael Wenz GmbH,Sonstige/Allgemeine Stellen,,DE,,,,https://www.adzuna.de/land/ad/5886566929?se=0gEhGiez8RGWEPVu98_4YQ&utm_medium=api&utm_source=8500f1f0&v=E7D5B69AF1BDC019E636ADDFCD360C2B87D3EBEA,2026-09-16,2026-09-18
Adzuna,adzuna_5845284399,"FINANCIAL ADVISOR (WORK FROM HOME, US)",Global Financial Impact,Sales Jobs,,US,,58431.52,58431.52,https://www.adzuna.com/land/ad/5845284399?se=dhkTHCez8RGJQ8ghP7HgNA&utm_medium=api&utm_source=8500f1f0&v=8CBCC9F5A009192031867A9AA019D3B8A98AC591,2026-08-17,2026-09-18
Adzuna,adzuna_5830512451,BCBA Remote Work From Home,Accel Therapies,Healthcare & Nursing Jobs,,US,,114745.26,114745.26,https://www.adzuna.com/land/ad/5830512451?se=dhkTHCez8RGJQ8ghP7HgNA&utm_medium=api&utm_source=8500f1f0&v=F1657A7E771C245DDCA0A19BE93E5EEF674EB071,2026-08-06,2026-09-18
Adzuna,adzuna_5882279089,Work from Home: Customer Service Representative (Healthcare),Sagility,Customer Services Jobs,,US,,39292.0,39292.0,https://www.adzuna.com/land/ad/5882279089?se=dhkTHCez8RGJQ8ghP7HgNA&utm_medium=api&utm_source=8500f1f0&v=5D82BE5485217B5B65A44014C19A03FA421CB9DD,2026-09-13,2026-09-18
Adzuna,adzuna_5882279075,Work from Home: Customer Service Representative (Healthcare),Sagility,Customer Services Jobs,,US,,41443.56,41443.56,https://www.adzuna.com/land/ad/5882279075?se=dhkTHCez8RGJQ8ghP7HgNA&utm_medium=api&utm_source=8500f1f0&v=25353209062377BB27BBC9E536C222E958AE0A69,2026-09-13,2026-09-18
Adzuna,adzuna_5882279087,Work from Home: Customer Service Representative (Healthcare),Sagility,Customer Services Jobs,,US,,37224.13,37224.13,https://www.adzuna.com/land/ad/5882279087?se=dhkTHCez8RGJQ8ghP7HgNA&utm_medium=api&utm_source=8500f1f0&v=6A5D12C9265E49E611E2AC8F72DCFF963A7AC68B,2026-09-13,2026-09-18
Adzuna,adzuna_5888175173,Occupational Therapist Job - Work From Home!,"Wellstar Health Systems, Inc.",Healthcare & Nursing Jobs,,US,,65690.56,65690.56,https://www.adzuna.com/land/ad/5888175173?se=dhkTHCez8RGJQ8ghP7HgNA&utm_medium=api&utm_source=8500f1f0&v=2139D7E0F7B073FC206C1E65D1F8E789FD8E9D50,2026-09-17,2026-09-18
Adzuna,adzuna_5888186540,Occupational Therapist Job - Work From Home!,"Christus Trinity Mother Frances Rehabilitation Hospital, a partner of Encompass Health",Healthcare & Nursing Jobs,part_time,US,,48218.77,48218.77,https://www.adzuna.com/land/ad/5888186540?se=dhkTHCez8RGJQ8ghP7HgNA&utm_medium=api&utm_source=8500f1f0&v=28898C462DE0462064D569B761D40B06BE1273B2,2026-09-17,2026-09-18
Adzuna,adzuna_5888092178,Senior Care Specialist (Registered Nurse) – Work From Home,Sagility,Healthcare & Nursing Jobs,,US,,78255.96,78255.96,https://www.adzuna.com/land/ad/5888092178?se=dhkTHCez8RGJQ8ghP7HgNA&utm_medium=api&utm_source=8500f1f0&v=C32F6884A371AAD643CC53206C900B3E546EFD02,2026-09-17,2026-09-18
Adzuna,adzuna_5888092169,Senior Care Specialist (Registered Nurse) – Work From Home,Sagility,Healthcare & Nursing Jobs,,US,,84746.02,84746.02,https://www.adzuna.com/land/ad/5888092169?se=dhkTHCez8RGJQ8ghP7HgNA&utm_medium=api&utm_source=8500f1f0&v=663D53795D6E35B863F99DC530A6F289444DBAE0,2026-09-17,2026-09-18
Adzuna,adzuna_5888092181,Senior Care Specialist (Registered Nurse) – Work From Home,Sagility,Healthcare & Nursing Jobs,,US,,73042.26,73042.26,https://www.adzuna.com/land/ad/5888092181?se=dhkTHCez8RGJQ8ghP7HgNA&utm_medium=api&utm_source=8500f1f0&v=C71CFE38B93DA331DD6D2711C70C4C9F93217A9E,2026-09-17,2026-09-18
Adzuna,adzuna_5885820186,Credentialing Specialist - Work from Home,Sagility,Healthcare & Nursing Jobs,,US,,52625.07,52625.07,https://www.adzuna.com/land/ad/5885820186?se=dhkTHCez8RGJQ8ghP7HgNA&utm_medium=api&utm_source=8500f1f0&v=BC8E058825F104BC1A7A6881FC8FDE65DEDB3F24,2026-09-16,2026-09-18
Adzuna,adzuna_5885820185,Patient Services Representative – Work From Home,Sagility,Customer Services Jobs,,US,,34307.89,34307.89,https://www.adzuna.com/land/ad/5885820185?se=dhkTHCez8RGJQ8ghP7HgNA&utm_medium=api&utm_source=8500f1f0&v=C2352E3A792C5080D8AD7E115358A3F2C1070D2F,2026-09-16,2026-09-18
Adzuna,adzuna_5871997858,Work from Home: Customer Service Representative (Healthcare),Sagility,Customer Services Jobs,,US,,47448.21,47448.21,https://www.adzuna.com/land/ad/5871997858?se=dhkTHCez8RGJQ8ghP7HgNA&utm_medium=api&utm_source=8500f1f0&v=F0F8C2B39158EBBA9C6E78445F5E292A01A48448,2026-09-05,2026-09-18
Adzuna,adzuna_5869034781,Full Time Speech Language Therapist-Work From Home,Powerback Rehabilitation,Healthcare & Nursing Jobs,part_time,US,,57982.77,57982.77,https://www.adzuna.com/land/ad/5869034781?se=dhkTHCez8RGJQ8ghP7HgNA&utm_medium=api&utm_source=8500f1f0&v=4AD4B0013B9C0A7DF6F23988FD7CC3763C4F0A58,2026-09-03,2026-09-18
Adzuna,adzuna_5878464557,Full Time Speech Language Therapist-Work From Home,Powerback Rehabilitation,Healthcare & Nursing Jobs,part_time,US,,62724.65,62724.65,https://www.adzuna.com/land/ad/5878464557?se=dhkTHCez8RGJQ8ghP7HgNA&utm_medium=api&utm_source=8500f1f0&v=B9426F2F24B834E12C435B2D2C8E831B2BAAA460,2026-09-10,2026-09-18
Adzuna,adzuna_5885820188,Outbound Sales and Enrollment Coordinator - Work from Home,Sagility,Sales Jobs,,US,,50709.47,50709.47,https://www.adzuna.com/land/ad/5885820188?se=dhkTHCez8RGJQ8ghP7HgNA&utm_medium=api&utm_source=8500f1f0&v=884F608A8AD13B1E6A1559731C73CD1009BB2EE9,2026-09-16,2026-09-18
Adzuna,adzuna_5875968049,Remote Licensed Mental Health Counselor - Work from Home,"Humanist Self Psychotherapy, PC",Healthcare & Nursing Jobs,full_time,US,,100000.0,120000.0,https://www.adzuna.com/land/ad/5875968049?se=dhkTHCez8RGJQ8ghP7HgNA&utm_medium=api&utm_source=8500f1f0&v=FA8AEDD18A795F10E64742E48831525E6CBD92FF,2026-09-08,2026-09-18
Adzuna,adzuna_5875898735,Remote Licensed Mental Health Counselor - Work-from-Home Opportunity,Mankind Therapy Inc.,Healthcare & Nursing Jobs,full_time,US,,90000.0,104000.0,https://www.adzuna.com/land/ad/5875898735?se=dhkTHCez8RGJQ8ghP7HgNA&utm_medium=api&utm_source=8500f1f0&v=BE16D09E06E734958476723879D70AD7F69B8408,2026-09-08,2026-09-18
Adzuna,adzuna_5875902488,Licensed Remote Mental Health Counselor - Flexible Work from Home,New Horizons Mentally Care Group,Social work Jobs,full_time,US,,115000.0,130000.0,https://www.adzuna.com/land/ad/5875902488?se=dhkTHCez8RGJQ8ghP7HgNA&utm_medium=api&utm_source=8500f1f0&v=EA013A12E8A2C27E13748627D29821AF07B32B22,2026-09-08,2026-09-18
Adzuna,adzuna_5880691630,Benefits Sales Representative - Work from Home,AgentBase,Sales Jobs,,US,,84928.05,84928.05,https://www.adzuna.com/land/ad/5880691630?se=dhkTHCez8RGJQ8ghP7HgNA&utm_medium=api&utm_source=8500f1f0&v=DEA7CA7315E5748A55D2638279AE8D74EF31FA79,2026-09-12,2026-09-18
Adzuna,adzuna_5875888610,"Remote Mental Health Counselor (LMFT, LMHC, LCSW) - Work from Home",Psych Bloom Recovery Clinic,Healthcare & Nursing Jobs,full_time,US,,52000.0,70000.0,https://www.adzuna.com/land/ad/5875888610?se=dhkTHCez8RGJQ8ghP7HgNA&utm_medium=api&utm_source=8500f1f0&v=E0E90E3BE588799EDA304EEF0F8838404E440016,2026-09-08,2026-09-18
Adzuna,adzuna_5875944516,Licensed Remote Mental Health Counselor - Flexible Work from Home Opportunity,Good Living Therapy,Healthcare & Nursing Jobs,full_time,US,,100000.0,110000.0,https://www.adzuna.com/land/ad/5875944516?se=dhkTHCez8RGJQ8ghP7HgNA&utm_medium=api&utm_source=8500f1f0&v=4B0CBE9DB31B32F3CC355F9F9A26827582969989,2026-09-08,2026-09-18
Adzuna,adzuna_5875944430,"Licensed Remote Mental Health Counselor – Work from Home in Jackson, TN",Good Living Therapy,Healthcare & Nursing Jobs,full_time,US,,100000.0,110000.0,https://www.adzuna.com/land/ad/5875944430?se=dhkTHCez8RGJQ8ghP7HgNA&utm_medium=api&utm_source=8500f1f0&v=1CD54F343B349C6773EA25F54634599F5015666E,2026-09-08,2026-09-18
Adzuna,adzuna_5886627586,IT RECRUITERS (Work from Home) - 100 % REMOTE,"Digipulse Technologies, Inc",IT Jobs,,US,,87642.68,87642.68,https://www.adzuna.com/land/ad/5886627586?se=dhkTHCez8RGJQ8ghP7HgNA&utm_medium=api&utm_source=8500f1f0&v=59D022EDFAF6739181E4720A0A959474C569B164,2026-09-16,2026-09-18
Adzuna,adzuna_5875949745,"Licensed Remote Mental Health Counselor (LMFT, LMHC, LICSW) - Work from Home","Adult, Child & Family Services, LLC",Social work Jobs,full_time,US,,100000.0,105000.0,https://www.adzuna.com/land/ad/5875949745?se=dhkTHCez8RGJQ8ghP7HgNA&utm_medium=api&utm_source=8500f1f0&v=1353A3B25E09CDDBD00E6096761759EABF9EC48C,2026-09-08,2026-09-18
Adzuna,adzuna_5875888598,"Remote Licensed Mental Health Counselor (LMFT, LMHC, LCSW) - Work from Home",Psych Bloom Recovery Clinic,Social work Jobs,full_time,US,,52000.0,70000.0,https://www.adzuna.com/land/ad/5875888598?se=dhkTHCez8RGJQ8ghP7HgNA&utm_medium=api&utm_source=8500f1f0&v=90D45E8E07E9BC45370415AEC09142532D85C50C,2026-09-08,2026-09-18
Adzuna,adzuna_5875888548,"Remote Mental Health Counselor (LMFT, LMHC, LCSW) - Work from Home Opportunity",Psych Bloom Recovery Clinic,Healthcare & Nursing Jobs,full_time,US,,52000.0,70000.0,https://www.adzuna.com/land/ad/5875888548?se=dhkTHCez8RGJQ8ghP7HgNA&utm_medium=api&utm_source=8500f1f0&v=C183E2C5CCA6C7EB1656CD0A0E82B4F103DC91E8,2026-09-08,2026-09-18
Adzuna,adzuna_5875930947,"Remote Licensed Mental Health Counselor (LMFT, LPCC, LCSW) - Work from Home",Meta Rehab & Wellness Center,Social work Jobs,full_time,US,,115000.0,130000.0,https://www.adzuna.com/land/ad/5875930947?se=dhkTHCez8RGJQ8ghP7HgNA&utm_medium=api&utm_source=8500f1f0&v=984485C63709EFD7F4C9D62A0E93C1B8A926F29E,2026-09-08,2026-09-18
Adzuna,adzuna_5747005945,Flexible Remote Data Entry Clerk - Work from Home,Apex Focus Group,Admin Jobs,part_time,US,,63589.38,63589.38,https://www.adzuna.com/land/ad/5747005945?se=dhkTHCez8RGJQ8ghP7HgNA&utm_medium=api&utm_source=8500f1f0&v=310C62A32FC808539EAA376A9258F9FE6CCA1F96,2026-06-01,2026-09-18
Adzuna,adzuna_5747006168,Flexible Remote Data Entry Clerk - Work from Home,Apex Focus Group,Admin Jobs,part_time,US,,62382.94,62382.94,https://www.adzuna.com/land/ad/5747006168?se=dhkTHCez8RGJQ8ghP7HgNA&utm_medium=api&utm_source=8500f1f0&v=FD6D3D964046C56B16EE9E72487BB29F5397DCE6,2026-06-01,2026-09-18
Adzuna,adzuna_5747006316,Flexible Remote Data Entry Clerk - Work from Home,Apex Focus Group,Admin Jobs,part_time,US,,64140.88,64140.88,https://www.adzuna.com/land/ad/5747006316?se=dhkTHCez8RGJQ8ghP7HgNA&utm_medium=api&utm_source=8500f1f0&v=A414A6A3BBEFA493780F8DED6E98E8FB2367D626,2026-06-01,2026-09-18
Adzuna,adzuna_5747005876,Flexible Remote Data Entry Clerk - Work from Home,Apex Focus Group,Admin Jobs,part_time,US,,62084.41,62084.41,https://www.adzuna.com/land/ad/5747005876?se=dhkTHCez8RGJQ8ghP7HgNA&utm_medium=api&utm_source=8500f1f0&v=C3EA53A32AC32515FB1BF25EAD50C61A914613EB,2026-06-01,2026-09-18
Adzuna,adzuna_5747006237,Flexible Remote Data Entry Clerk - Work from Home,Apex Focus Group,Admin Jobs,part_time,US,,71682.59,71682.59,https://www.adzuna.com/land/ad/5747006237?se=dhkTHCez8RGJQ8ghP7HgNA&utm_medium=api&utm_source=8500f1f0&v=BAC970E8C1C909BBFDC44EE627043A5E40DF4797,2026-06-01,2026-09-18
Adzuna,adzuna_5747006196,Flexible Remote Data Entry Clerk - Work from Home,Apex Focus Group,Admin Jobs,part_time,US,,54625.16,54625.16,https://www.adzuna.com/land/ad/5747006196?se=dhkTHCez8RGJQ8ghP7HgNA&utm_medium=api&utm_source=8500f1f0&v=4CE2357C7C02711D3E344DDF42403A4A9DCE65DF,2026-06-01,2026-09-18
Adzuna,adzuna_5747006271,Flexible Remote Data Entry Clerk - Work from Home,Apex Focus Group,Admin Jobs,part_time,US,,61275.61,61275.61,https://www.adzuna.com/land/ad/5747006271?se=dhkTHCez8RGJQ8ghP7HgNA&utm_medium=api&utm_source=8500f1f0&v=B4FD22E91835E020AD676242CA0D463252B7A9C3,2026-06-01,2026-09-18
Adzuna,adzuna_5747006324,Flexible Remote Data Entry Clerk - Work from Home,Apex Focus Group,Admin Jobs,part_time,US,,60900.89,60900.89,https://www.adzuna.com/land/ad/5747006324?se=dhkTHCez8RGJQ8ghP7HgNA&utm_medium=api&utm_source=8500f1f0&v=41A9CF442FBADD32FD4C35CC16670301B7199475,2026-06-01,2026-09-18
Adzuna,adzuna_5747006310,Flexible Remote Data Entry Clerk - Work from Home,Apex Focus Group,Admin Jobs,part_time,US,,61404.59,61404.59,https://www.adzuna.com/land/ad/5747006310?se=dhkTHCez8RGJQ8ghP7HgNA&utm_medium=api&utm_source=8500f1f0&v=2A7D2BE8C898968DA0B0FA97D85AF2027AA95142,2026-06-01,2026-09-18
Adzuna,adzuna_5747005947,Flexible Remote Data Entry Clerk - Work from Home,Apex Focus Group,Admin Jobs,part_time,US,,61431.48,61431.48,https://www.adzuna.com/land/ad/5747005947?se=dhkTHCez8RGJQ8ghP7HgNA&utm_medium=api&utm_source=8500f1f0&v=8D4EDD665F05AA1B9B052C8233EE9CCD78A28A0E,2026-06-01,2026-09-18
Adzuna,adzuna_5747006247,Flexible Remote Data Entry Clerk - Work from Home,Apex Focus Group,Admin Jobs,part_time,US,,59468.23,59468.23,https://www.adzuna.com/land/ad/5747006247?se=dhkTHCez8RGJQ8ghP7HgNA&utm_medium=api&utm_source=8500f1f0&v=355D886A30A7C2317E31B483AFE4908633372964,2026-06-01,2026-09-18
Adzuna,adzuna_5747006094,Flexible Remote Data Entry Clerk - Work from Home,Apex Focus Group,Admin Jobs,part_time,US,,62437.4,62437.4,https://www.adzuna.com/land/ad/5747006094?se=dhkTHCez8RGJQ8ghP7HgNA&utm_medium=api&utm_source=8500f1f0&v=807D4DE6ADD304D372C2402D3F9BDFB29FF6AF3C,2026-06-01,2026-09-18
Adzuna,adzuna_5747006171,Flexible Remote Data Entry Clerk - Work from Home,Apex Focus Group,Admin Jobs,part_time,US,,61852.8,61852.8,https://www.adzuna.com/land/ad/5747006171?se=dhkTHCez8RGJQ8ghP7HgNA&utm_medium=api&utm_source=8500f1f0&v=D596B8EFC592DE7C62C085FD8C76D35B0F16443C,2026-06-01,2026-09-18
Adzuna,adzuna_5747006289,Flexible Remote Data Entry Clerk - Work from Home,Apex Focus Group,Admin Jobs,part_time,US,,56905.66,56905.66,https://www.adzuna.com/land/ad/5747006289?se=dhkTHCez8RGJQ8ghP7HgNA&utm_medium=api&utm_source=8500f1f0&v=BDE6BFA96632102F7830247EDA34EA174FFE78EC,2026-06-01,2026-09-18
Adzuna,adzuna_5747006104,Flexible Remote Data Entry Clerk - Work from Home,Apex Focus Group,Admin Jobs,part_time,US,,64771.43,64771.43,https://www.adzuna.com/land/ad/5747006104?se=dhkTHCez8RGJQ8ghP7HgNA&utm_medium=api&utm_source=8500f1f0&v=705E15F3A09B6090CA426AE8352ECFD5E153F764,2026-06-01,2026-09-18
Adzuna,adzuna_5747005977,Flexible Remote Data Entry Clerk - Work from Home,Apex Focus Group,Admin Jobs,part_time,US,,53376.87,53376.87,https://www.adzuna.com/land/ad/5747005977?se=dhkTHCez8RGJQ8ghP7HgNA&utm_medium=api&utm_source=8500f1f0&v=775B11CCE074E8851CBD8B731C47B0B0C9AB869D,2026-06-01,2026-09-18
Adzuna,adzuna_5747006180,Flexible Remote Data Entry Clerk - Work from Home,Apex Focus Group,Admin Jobs,part_time,US,,72512.69,72512.69,https://www.adzuna.com/land/ad/5747006180?se=dhkTHCez8RGJQ8ghP7HgNA&utm_medium=api&utm_source=8500f1f0&v=BA103BDD017D714F1DE0F71ED5CC351F9658DC12,2026-06-01,2026-09-18
Adzuna,adzuna_5747005956,Flexible Remote Data Entry Clerk - Work from Home,Apex Focus Group,Admin Jobs,part_time,US,,56223.49,56223.49,https://www.adzuna.com/land/ad/5747005956?se=dhkTHCez8RGJQ8ghP7HgNA&utm_medium=api&utm_source=8500f1f0&v=AF295CB6EBFCE8D4394FFDC9CDA697F5533DE876,2026-06-01,2026-09-18
Adzuna,adzuna_5747006032,Flexible Remote Data Entry Clerk - Work from Home,Apex Focus Group,Admin Jobs,part_time,US,,54620.99,54620.99,https://www.adzuna.com/land/ad/5747006032?se=dhkTHCez8RGJQ8ghP7HgNA&utm_medium=api&utm_source=8500f1f0&v=939B81846F24E218025B560D9D9CC256F4D23E37,2026-06-01,2026-09-18
Adzuna,adzuna_5747005982,Flexible Remote Data Entry Clerk - Work from Home,Apex Focus Group,Admin Jobs,part_time,US,,60600.43,60600.43,https://www.adzuna.com/land/ad/5747005982?se=dhkTHCez8RGJQ8ghP7HgNA&utm_medium=api&utm_source=8500f1f0&v=BDA673431672540A8BB2947BD15C11B9B35DB1E2,2026-06-01,2026-09-18
Adzuna,adzuna_5747006123,Flexible Remote Data Entry Clerk - Work from Home,Apex Focus Group,Admin Jobs,part_time,US,,66422.57,66422.57,https://www.adzuna.com/land/ad/5747006123?se=dhkTHCez8RGJQ8ghP7HgNA&utm_medium=api&utm_source=8500f1f0&v=AD7EC4960B9EB36D28C05643B50EE0F7FF71B97C,2026-06-01,2026-09-18
Adzuna,adzuna_5747005986,Flexible Remote Data Entry Clerk - Work from Home,Apex Focus Group,Admin Jobs,part_time,US,,54660.86,54660.86,https://www.adzuna.com/land/ad/5747005986?se=dhkTHCez8RGJQ8ghP7HgNA&utm_medium=api&utm_source=8500f1f0&v=BC83306D2CC4AB561CAE373D507EE6A9A59732D4,2026-06-01,2026-09-18
